league,name,country,matches,total_yellow_cards,total_red_cards,avg_yellow_per_match,avg_red_per_match,avg_goals_per_match,avg_fouls_per_match,career_games,career_yellow_cards,career_red_cards
arabia_saudita_pro_league_2026_2027,Shukri Alhunfush,Saudi Arabia,24,71,5,2.96,0.21,2.96,24.7,61,204,6
arabia_saudita_pro_league_2026_2027,Mohammed Khled Hoish,Saudi Arabia,21,89,6,4.24,0.29,3.0,25.0,102,395,16
arabia_saudita_pro_league_2026_2027,Majed Mohammed Al-Shamrani,Saudi Arabia,20,85,6,4.25,0.3,2.75,23.6,74,292,13
arabia_saudita_pro_league_2026_2027,Khaled Al Teris,Saudi Arabia,19,87,2,4.58,0.11,3.05,25.5,87,358,11
arabia_saudita_pro_league_2026_2027,Abdullah Al-Kharbosh,Saudi Arabia,16,62,3,3.88,0.19,3.12,22.7,38,154,5
arabia_saudita_pro_league_2026_2027,Abdullah Al-Owaidan,Saudi Arabia,15,53,3,3.53,0.2,3.13,23.3,17,64,4
arabia_saudita_pro_league_2026_2027,Faisal Suleiman Al-Balawi,Saudi Arabia,15,57,4,3.8,0.27,2.53,23.3,65,278,11
arabia_saudita_pro_league_2026_2027,Mohammed Sami Taher Al Ismail,Saudi Arabia,15,58,3,3.87,0.2,2.73,22.1,30,140,4
arabia_saudita_pro_league_2026_2027,Abdullah Al-Harbi,Saudi Arabia,11,45,2,4.09,0.18,3.18,25.0,26,104,5
arabia_saudita_pro_league_2026_2027,Ali Al-Qahtani,Saudi Arabia,11,38,1,3.45,0.09,2.45,20.5,14,46,3
arabia_saudita_pro_league_2026_2027,Abdullah Dhafer Al-Shehri,Saudi Arabia,10,37,3,3.7,0.3,3.7,20.6,24,83,4
arabia_saudita_pro_league_2026_2027,Ahmad Al Rumaikhani,Saudi Arabia,9,25,6,2.78,0.67,3.33,24.1,37,124,4
arabia_saudita_pro_league_2026_2027,Fareeh Al-Jaloud,Saudi Arabia,9,35,3,3.89,0.33,2.44,20.3,10,43,2
arabia_saudita_pro_league_2026_2027,Khalid Al-Ahmari,Saudi Arabia,9,32,2,3.56,0.22,3.11,24.1,13,55,1
arabia_saudita_pro_league_2026_2027,Mohammed Nasser Abu Shaqara,Saudi Arabia,9,38,3,4.22,0.33,3.0,23.1,14,58,2
arabia_saudita_pro_league_2026_2027,Abdulsamad Bakri,Saudi Arabia,8,41,2,5.12,0.25,3.25,26.1,26,111,3
arabia_saudita_pro_league_2026_2027,Ahmed Mohammed Al-Rumaikhani,Saudi Arabia,8,30,0,3.75,0.0,2.75,24.9,17,60,0
arabia_saudita_pro_league_2026_2027,Sami Ahmed Al-Jurays,Saudi Arabia,8,37,2,4.62,0.25,2.88,20.2,34,144,6
arabia_saudita_pro_league_2026_2027,Abdullah Zarban,Saudi Arabia,7,38,0,5.43,0.0,3.43,24.3,8,42,0
arabia_saudita_pro_league_2026_2027,Sultan Al-Harbi,Saudi Arabia,7,15,2,2.14,0.29,2.71,23.0,21,71,3
arabia_saudita_pro_league_2026_2027,Anastasios Sidiropoulos,Greece,5,27,3,5.4,0.6,1.8,25.2,361,1878,50
arabia_saudita_pro_league_2026_2027,Donatas Rumsas,Lithuania,5,21,2,4.2,0.4,2.6,23.8,183,705,18
arabia_saudita_pro_league_2026_2027,Istvan Kovacs,Romania,4,17,1,4.25,0.25,3.25,18.8,450,2391,64
arabia_saudita_pro_league_2026_2027,Nikola Dabanovic,Montenegro,4,13,0,3.25,0.0,2.75,18.5,105,390,6
arabia_saudita_pro_league_2026_2027,Sebastian Gishamer,Austria,4,10,1,2.5,0.25,5.25,17.8,290,1268,38
arabia_saudita_pro_league_2026_2027,Ali Mohammed Sawia Al Qahtani,Saudi Arabia,3,5,1,1.67,0.33,2.33,17.0,3,10,1
arabia_saudita_pro_league_2026_2027,Eric Lambrechts,Belgium,3,16,0,5.33,0.0,2.67,22.3,345,1403,35
arabia_saudita_pro_league_2026_2027,Jesús Valenzuela,Venezuela,3,15,2,5.0,0.67,2.0,23.7,136,649,15
arabia_saudita_pro_league_2026_2027,Kirill Levnikov,Russia,3,9,0,3.0,0.0,4.0,20.3,271,1182,32
arabia_saudita_pro_league_2026_2027,Abdulsamad Ali Bakri,Saudi Arabia,2,10,0,5.0,0.0,3.0,30.5,2,12,0
arabia_saudita_pro_league_2026_2027,Andris Treimanis,Latvia,2,9,0,4.5,0.0,2.5,24.5,132,632,10
arabia_saudita_pro_league_2026_2027,Facundo Raul Tello Figueroa,Argentina,2,7,0,3.5,0.0,2.5,20.0,350,1872,74
arabia_saudita_pro_league_2026_2027,Georgi Kabakov,Bulgaria,2,10,1,5.0,0.5,2.0,15.5,339,1899,37
arabia_saudita_pro_league_2026_2027,Horatiu Fesnic,Romania,2,7,1,3.5,0.5,4.5,23.5,279,1438,36
arabia_saudita_pro_league_2026_2027,Irfan Peljto,Bosnia & Herzegovina,2,11,4,5.5,2.0,5.0,31.5,114,512,14
arabia_saudita_pro_league_2026_2027,Luís Godinho,Portugal,2,5,0,2.5,0.0,4.0,17.5,351,1858,49
arabia_saudita_pro_league_2026_2027,Mohamed Al Smaail,Saudi Arabia,2,4,1,2.0,0.5,1.5,21.5,2,4,1
arabia_saudita_pro_league_2026_2027,Rade Obrenovič,Slovenia,2,7,1,3.5,0.5,1.5,23.5,263,1124,20
arabia_saudita_pro_league_2026_2027,Raed Ali Al-Zahrani,Saudi Arabia,2,10,1,5.0,0.5,1.0,28.5,2,11,0
arabia_saudita_pro_league_2026_2027,Ricardo De Burgos Bengoetxea,Spain,2,6,1,3.0,0.5,2.0,20.0,360,1648,45
arabia_saudita_pro_league_2026_2027,Serdar Gozubuyuk,Netherlands,2,7,0,3.5,0.0,4.5,23.0,490,1758,51
arabia_saudita_pro_league_2026_2027,Sven Jablonski,Germany,2,6,0,3.0,0.0,4.0,20.5,324,1248,22
arabia_saudita_pro_league_2026_2027,Alejandro Muñiz Ruiz,Spain,1,4,2,4.0,2.0,6.0,17.0,157,796,42
arabia_saudita_pro_league_2026_2027,Alireza Faghani,Australia,1,2,0,2.0,0.0,6.0,27.0,235,955,16
arabia_saudita_pro_league_2026_2027,Amin Mohamed Omar,Egypt,1,0,1,0.0,1.0,4.0,18.0,15,40,2
arabia_saudita_pro_league_2026_2027,César Ramos Palazuelos,Mexico,1,6,1,6.0,1.0,4.0,28.0,365,1593,94
arabia_saudita_pro_league_2026_2027,Clement Turpin,France,1,6,0,6.0,0.0,1.0,25.0,525,1774,103
arabia_saudita_pro_league_2026_2027,Cristian Garay,Chile,1,4,0,4.0,0.0,1.0,23.0,203,888,53
arabia_saudita_pro_league_2026_2027,Danny Makkelie,Netherlands,1,1,0,1.0,0.0,3.0,17.0,582,1985,59
arabia_saudita_pro_league_2026_2027,Dario Herrera,Argentina,1,5,0,5.0,0.0,2.0,20.0,474,2566,101
arabia_saudita_pro_league_2026_2027,Florian Badstubner,Germany,1,9,1,9.0,1.0,1.0,32.0,308,1151,27
arabia_saudita_pro_league_2026_2027,François Letexier,France,1,3,1,3.0,1.0,4.0,18.0,342,1374,64
arabia_saudita_pro_league_2026_2027,Glenn Nyberg,Sweden,1,0,0,0.0,0.0,3.0,17.0,381,1249,23
arabia_saudita_pro_league_2026_2027,Gustavo Tejera,Uruguay,1,0,0,0.0,0.0,6.0,16.0,268,1344,40
arabia_saudita_pro_league_2026_2027,Harm Osmers,Germany,1,4,0,4.0,0.0,4.0,22.0,359,1509,33
arabia_saudita_pro_league_2026_2027,Iván Barton,El Salvador,1,6,0,6.0,0.0,1.0,25.0,67,319,16
arabia_saudita_pro_league_2026_2027,Ivan Kružliak,Slovakia,1,2,0,2.0,0.0,1.0,23.0,338,1689,34
arabia_saudita_pro_league_2026_2027,Javier Alberola Rojas,Spain,1,3,0,3.0,0.0,3.0,20.0,265,959,28
arabia_saudita_pro_league_2026_2027,Jesus Gil Manzano,Spain,1,1,0,1.0,0.0,6.0,33.0,439,2224,54
arabia_saudita_pro_league_2026_2027,José Luis Munuera Montero,Spain,1,4,1,4.0,1.0,3.0,22.0,304,1401,54
arabia_saudita_pro_league_2026_2027,Juan Martinez Munuera,Spain,1,3,0,3.0,0.0,4.0,21.0,339,1624,42
arabia_saudita_pro_league_2026_2027,Kevin Ortega,Peru,1,9,0,9.0,0.0,5.0,37.0,236,1308,55
arabia_saudita_pro_league_2026_2027,Mario Escobar,Guatemala,1,6,0,6.0,0.0,2.0,19.0,64,243,10
arabia_saudita_pro_league_2026_2027,Mohammed Hassan Al-Shahrani,Saudi Arabia,1,4,0,4.0,0.0,1.0,27.0,,,
arabia_saudita_pro_league_2026_2027,Nicolas Ramirez,Argentina,1,3,1,3.0,1.0,2.0,19.0,143,889,34
arabia_saudita_pro_league_2026_2027,Omar Abdulkadir Artan,Somalia,1,3,0,3.0,0.0,5.0,17.0,10,27,1
arabia_saudita_pro_league_2026_2027,Radu Marian Petrescu,Romania,1,1,0,1.0,0.0,4.0,24.0,344,1566,33
arabia_saudita_pro_league_2026_2027,Raphael Claus,Brazil,1,6,0,6.0,0.0,4.0,27.0,392,1697,57
arabia_saudita_pro_league_2026_2027,Sami Al Jires,Saudi Arabia,1,8,0,8.0,0.0,1.0,23.0,8,30,0
arabia_saudita_pro_league_2026_2027,Sandro Schärer,Switzerland,1,5,0,5.0,0.0,5.0,24.0,349,1577,33
arabia_saudita_pro_league_2026_2027,Sergey Ivanov,Russia,1,4,0,4.0,0.0,6.0,24.0,286,1246,29
arabia_saudita_pro_league_2026_2027,Sergey Karasev,Russia,1,2,0,2.0,0.0,5.0,10.0,369,1533,46
arabia_saudita_pro_league_2026_2027,Slavko Vinčić,Slovenia,1,5,0,5.0,0.0,2.0,26.0,376,1568,37
arabia_saudita_pro_league_2026_2027,Szymon Marciniak,Poland,1,4,0,4.0,0.0,1.0,30.0,575,2446,57
arabia_saudita_pro_league_2026_2027,Tamas Bognar,Hungary,1,7,0,7.0,0.0,4.0,23.0,247,1128,25
arabia_saudita_pro_league_2026_2027,Urs Schnyder,Switzerland,1,2,0,2.0,0.0,6.0,17.0,322,1352,29
arabia_saudita_pro_league_2026_2027,Vassilis Fotias,Greece,1,3,0,3.0,0.0,6.0,25.0,149,707,14
arabia_saudita_pro_league_2026_2027,Wilton Pereira Sampaio,Brazil,1,2,1,2.0,1.0,1.0,19.0,405,2056,55
arabia_saudita_pro_league_2026_2027,Yael Falcon Perez,Argentina,1,4,1,4.0,1.0,0.0,22.0,220,1194,32
